Product Link,Product Name,Price
https://www.flipkart.com/samsung-galaxy-s23-fe-mint-256-gb/p/itmdb72279972171?pid=MOBGVTA2R8ZH4G3C&lid=LSTMOBGVTA2R8ZH4G3C8XDOZH&marketplace=FLIPKART&q=mobile+phones+&store=tyy%2F4io&srno=s_1_1&otracker=search&otracker1=search&fm=Search&iid=70507cb2-8e5d-4438-ae19-7af75d8c4982.MOBGVTA2R8ZH4G3C.SEARCH&ppt=sp&ppn=sp&ssid=ya1c6vh0jk0000001730653595163&qH=f696c2fbb0b173a0,"SAMSUNG Galaxy S23 FE (Mint, 256 GB)","₹32,999"
https://www.flipkart.com/samsung-galaxy-s23-fe-mint-128-gb/p/itmfde87b854d383?pid=MOBGVTA2GRVRXVFR&lid=LSTMOBGVTA2GRVRXVFRPT6FPX&marketplace=FLIPKART&q=mobile+phones+&store=tyy%2F4io&spotlightTagId=BestsellerId_tyy%2F4io&srno=s_1_2&otracker=search&otracker1=search&fm=Search&iid=70507cb2-8e5d-4438-ae19-7af75d8c4982.MOBGVTA2GRVRXVFR.SEARCH&ppt=sp&ppn=sp&ssid=ya1c6vh0jk0000001730653595163&qH=f696c2fbb0b173a0,"SAMSUNG Galaxy S23 FE (Mint, 128 GB)","₹29,999"
https://www.flipkart.com/samsung-galaxy-s23-fe-graphite-256-gb/p/itm3dd39c0d1ec9c?pid=MOBGVTA2GWPSR57X&lid=LSTMOBGVTA2GWPSR57XIIBGXC&marketplace=FLIPKART&q=mobile+phones+&store=tyy%2F4io&srno=s_1_3&otracker=search&otracker1=search&fm=Search&iid=70507cb2-8e5d-4438-ae19-7af75d8c4982.MOBGVTA2GWPSR57X.SEARCH&ppt=sp&ppn=sp&ssid=ya1c6vh0jk0000001730653595163&qH=f696c2fbb0b173a0,"SAMSUNG Galaxy S23 FE (Graphite, 256 GB)","₹32,999"
https://www.flipkart.com/samsung-galaxy-s23-5g-phantom-black-128-gb/p/itm1f3efe01d1c61?pid=MOBGNPGZVX4PCTTF&lid=LSTMOBGNPGZVX4PCTTFYWYWBL&marketplace=FLIPKART&q=mobile+phones+&store=tyy%2F4io&srno=s_1_4&otracker=search&otracker1=search&fm=Search&iid=70507cb2-8e5d-4438-ae19-7af75d8c4982.MOBGNPGZVX4PCTTF.SEARCH&ppt=sp&ppn=sp&ssid=ya1c6vh0jk0000001730653595163&qH=f696c2fbb0b173a0,"SAMSUNG Galaxy S23 5G (Phantom Black, 128 GB)","₹39,999"
https://www.flipkart.com/samsung-galaxy-s23-fe-graphite-128-gb/p/itme751066521899?pid=MOBGVTA2836DQWTT&lid=LSTMOBGVTA2836DQWTTISGIME&marketplace=FLIPKART&q=mobile+phones+&store=tyy%2F4io&srno=s_1_5&otracker=search&otracker1=search&fm=Search&iid=70507cb2-8e5d-4438-ae19-7af75d8c4982.MOBGVTA2836DQWTT.SEARCH&ppt=sp&ppn=sp&ssid=ya1c6vh0jk0000001730653595163&qH=f696c2fbb0b173a0,"SAMSUNG Galaxy S23 FE (Graphite, 128 GB)","₹29,999"
https://www.flipkart.com/samsung-galaxy-s23-fe-purple-128-gb/p/itm03da6b42ff68e?pid=MOBGVTA24G7GHE6M&lid=LSTMOBGVTA24G7GHE6MN4I8LB&marketplace=FLIPKART&q=mobile+phones+&store=tyy%2F4io&srno=s_1_6&otracker=search&otracker1=search&fm=Search&iid=70507cb2-8e5d-4438-ae19-7af75d8c4982.MOBGVTA24G7GHE6M.SEARCH&ppt=sp&ppn=sp&ssid=ya1c6vh0jk0000001730653595163&qH=f696c2fbb0b173a0,"SAMSUNG Galaxy S23 FE (Purple, 128 GB)","₹29,999"
https://www.flipkart.com/samsung-galaxy-s23-5g-cream-128-gb/p/itmc77ff94cdf044?pid=MOBGMFFX5XYE8MZN&lid=LSTMOBGMFFX5XYE8MZNRGKCA5&marketplace=FLIPKART&q=mobile+phones+&store=tyy%2F4io&srno=s_1_7&otracker=search&otracker1=search&fm=Search&iid=70507cb2-8e5d-4438-ae19-7af75d8c4982.MOBGMFFX5XYE8MZN.SEARCH&ppt=sp&ppn=sp&ssid=ya1c6vh0jk0000001730653595163&qH=f696c2fbb0b173a0,"SAMSUNG Galaxy S23 5G (Cream, 128 GB)","₹39,999"
https://www.flipkart.com/samsung-galaxy-s24-5g-cobalt-violet-256-gb/p/itm46fc37ddc7255?pid=MOBGX2F3GDX7QYFT&lid=LSTMOBGX2F3GDX7QYFTDDMJ7Z&marketplace=FLIPKART&q=mobile+phones+&store=tyy%2F4io&srno=s_1_8&otracker=search&otracker1=search&fm=Search&iid=70507cb2-8e5d-4438-ae19-7af75d8c4982.MOBGX2F3GDX7QYFT.SEARCH&ppt=sp&ppn=sp&ssid=ya1c6vh0jk0000001730653595163&qH=f696c2fbb0b173a0,"SAMSUNG Galaxy S24+ 5G (Cobalt Violet, 256 GB)","₹64,999"
https://www.flipkart.com/samsung-galaxy-s23-fe-purple-256-gb/p/itm8f6a49271bf21?pid=MOBGVTA2VGHCJFGG&lid=LSTMOBGVTA2VGHCJFGG1TC2LI&marketplace=FLIPKART&q=mobile+phones+&store=tyy%2F4io&srno=s_1_9&otracker=search&otracker1=search&fm=Search&iid=70507cb2-8e5d-4438-ae19-7af75d8c4982.MOBGVTA2VGHCJFGG.SEARCH&ppt=sp&ppn=sp&ssid=ya1c6vh0jk0000001730653595163&qH=f696c2fbb0b173a0,"SAMSUNG Galaxy S23 FE (Purple, 256 GB)","₹32,999"
https://www.flipkart.com/samsung-galaxy-s23-5g-green-128-gb/p/itm7cdd081996dc8?pid=MOBGNPGYWGZAUZGK&lid=LSTMOBGNPGYWGZAUZGKLQSOT0&marketplace=FLIPKART&q=mobile+phones+&store=tyy%2F4io&srno=s_1_10&otracker=search&otracker1=search&fm=Search&iid=70507cb2-8e5d-4438-ae19-7af75d8c4982.MOBGNPGYWGZAUZGK.SEARCH&ppt=sp&ppn=sp&ssid=ya1c6vh0jk0000001730653595163&qH=f696c2fbb0b173a0,"SAMSUNG Galaxy S23 5G (Green, 128 GB)","₹39,999"
https://www.flipkart.com/samsung-galaxy-a15-5g-blue-128-gb/p/itm06604fe9b8276?pid=MOBGWD85AZCYWPYW&lid=LSTMOBGWD85AZCYWPYWLYXTDG&marketplace=FLIPKART&q=mobile+phones+&store=tyy%2F4io&srno=s_1_11&otracker=search&otracker1=search&fm=Search&iid=70507cb2-8e5d-4438-ae19-7af75d8c4982.MOBGWD85AZCYWPYW.SEARCH&ppt=sp&ppn=sp&ssid=ya1c6vh0jk0000001730653595163&qH=f696c2fbb0b173a0,"SAMSUNG Galaxy A15 5G (Blue, 128 GB)","₹20,999"
https://www.flipkart.com/samsung-galaxy-s24-5g-onyx-black-256-gb/p/itm325da4a26d7bb?pid=MOBGX2F3HVJYNHUV&lid=LSTMOBGX2F3HVJYNHUVP4L3WU&marketplace=FLIPKART&q=mobile+phones+&store=tyy%2F4io&srno=s_1_12&otracker=search&otracker1=search&fm=Search&iid=70507cb2-8e5d-4438-ae19-7af75d8c4982.MOBGX2F3HVJYNHUV.SEARCH&ppt=sp&ppn=sp&ssid=ya1c6vh0jk0000001730653595163&qH=f696c2fbb0b173a0,"SAMSUNG Galaxy S24+ 5G (Onyx Black, 256 GB)","₹64,999"
https://www.flipkart.com/samsung-galaxy-s23-5g-cream-256-gb/p/itm745d4b532623e?pid=MOBGMFFXURCVYANE&lid=LSTMOBGMFFXURCVYANE4SRNTK&marketplace=FLIPKART&q=mobile+phones+&store=tyy%2F4io&srno=s_1_13&otracker=search&otracker1=search&fm=Search&iid=70507cb2-8e5d-4438-ae19-7af75d8c4982.MOBGMFFXURCVYANE.SEARCH&ppt=sp&ppn=sp&ssid=ya1c6vh0jk0000001730653595163&qH=f696c2fbb0b173a0,"SAMSUNG Galaxy S23 5G (Cream, 256 GB)","₹44,999"
https://www.flipkart.com/samsung-galaxy-s23-5g-phantom-black-256-gb/p/itm347e695feffe7?pid=MOBGMFFXPNSHBGRC&lid=LSTMOBGMFFXPNSHBGRCPG5BZP&marketplace=FLIPKART&q=mobile+phones+&store=tyy%2F4io&srno=s_1_14&otracker=search&otracker1=search&fm=Search&iid=70507cb2-8e5d-4438-ae19-7af75d8c4982.MOBGMFFXPNSHBGRC.SEARCH&ppt=sp&ppn=sp&ssid=ya1c6vh0jk0000001730653595163&qH=f696c2fbb0b173a0,"SAMSUNG Galaxy S23 5G (Phantom Black, 256 GB)","₹44,999"
https://www.flipkart.com/samsung-galaxy-a35-5g-awesome-iceblue-128-gb/p/itm9684d2fe9201e?pid=MOBGYT2HEYWFCG8Q&lid=LSTMOBGYT2HEYWFCG8QQFMMS9&marketplace=FLIPKART&q=mobile+phones+&store=tyy%2F4io&srno=s_1_15&otracker=search&otracker1=search&fm=Search&iid=70507cb2-8e5d-4438-ae19-7af75d8c4982.MOBGYT2HEYWFCG8Q.SEARCH&ppt=sp&ppn=sp&ssid=ya1c6vh0jk0000001730653595163&qH=f696c2fbb0b173a0,"SAMSUNG Galaxy A35 5G (Awesome Iceblue, 128 GB)","₹25,999"
https://www.flipkart.com/samsung-galaxy-m35-5g-thunder-grey-256-gb/p/itm94360d23ec184?pid=MOBH2ZAYYUN63FV7&lid=LSTMOBH2ZAYYUN63FV7GHQGAG&marketplace=FLIPKART&q=mobile+phones+&store=tyy%2F4io&srno=s_1_16&otracker=search&otracker1=search&fm=Search&iid=70507cb2-8e5d-4438-ae19-7af75d8c4982.MOBH2ZAYYUN63FV7.SEARCH&ppt=sp&ppn=sp&ssid=ya1c6vh0jk0000001730653595163&qH=f696c2fbb0b173a0,"SAMSUNG Galaxy M35 5G (Thunder Grey, 256 GB)","₹20,695"
https://www.flipkart.com/samsung-galaxy-a55-5g-awesome-iceblue-256-gb/p/itmf96a733c20399?pid=MOBGYT2HGMHT5GFZ&lid=LSTMOBGYT2HGMHT5GFZEEDUVP&marketplace=FLIPKART&q=mobile+phones+&store=tyy%2F4io&srno=s_1_17&otracker=search&otracker1=search&fm=Search&iid=70507cb2-8e5d-4438-ae19-7af75d8c4982.MOBGYT2HGMHT5GFZ.SEARCH&ppt=sp&ppn=sp&ssid=ya1c6vh0jk0000001730653595163&qH=f696c2fbb0b173a0,"SAMSUNG Galaxy A55 5G (Awesome Iceblue, 256 GB)","₹36,999"
https://www.flipkart.com/samsung-galaxy-m35-5g-moonlight-blue-256-gb/p/itm94360d23ec184?pid=MOBH2Z9TF9G5D5AV&lid=LSTMOBH2Z9TF9G5D5AVVCAGWS&marketplace=FLIPKART&q=mobile+phones+&store=tyy%2F4io&srno=s_1_18&otracker=search&otracker1=search&fm=Search&iid=70507cb2-8e5d-4438-ae19-7af75d8c4982.MOBH2Z9TF9G5D5AV.SEARCH&ppt=sp&ppn=sp&ssid=ya1c6vh0jk0000001730653595163&qH=f696c2fbb0b173a0,"SAMSUNG Galaxy M35 5G (Moonlight Blue, 256 GB)","₹24,990"
https://www.flipkart.com/samsung-galaxy-m35-5g-daybreak-blue-128-gb/p/itm94360d23ec184?pid=MOBH2Z9MJ2WWJZYH&lid=LSTMOBH2Z9MJ2WWJZYHSMVBOW&marketplace=FLIPKART&q=mobile+phones+&store=tyy%2F4io&srno=s_1_19&otracker=search&otracker1=search&fm=Search&iid=70507cb2-8e5d-4438-ae19-7af75d8c4982.MOBH2Z9MJ2WWJZYH.SEARCH&ppt=sp&ppn=sp&ssid=ya1c6vh0jk0000001730653595163&qH=f696c2fbb0b173a0,"SAMSUNG Galaxy M35 5G (DayBreak Blue, 128 GB)","₹21,508"
https://www.flipkart.com/samsung-galaxy-m35-5g-daybreak-blue-256-gb/p/itm94360d23ec184?pid=MOBH2Z9ZNJKYDE4D&lid=LSTMOBH2Z9ZNJKYDE4DD0FLXP&marketplace=FLIPKART&q=mobile+phones+&store=tyy%2F4io&srno=s_1_20&otracker=search&otracker1=search&fm=Search&iid=70507cb2-8e5d-4438-ae19-7af75d8c4982.MOBH2Z9ZNJKYDE4D.SEARCH&ppt=sp&ppn=sp&ssid=ya1c6vh0jk0000001730653595163&qH=f696c2fbb0b173a0,"SAMSUNG Galaxy M35 5G (DayBreak Blue, 256 GB)","₹21,990"
https://www.flipkart.com/samsung-galaxy-a23-5g-silver-128-gb/p/itm3b8c53b36c275?pid=MOBGHT8UK9TYN6SG&lid=LSTMOBGHT8UK9TYN6SG0W9JC0&marketplace=FLIPKART&q=mobile+phones+&store=tyy%2F4io&srno=s_1_21&otracker=search&otracker1=search&fm=Search&iid=70507cb2-8e5d-4438-ae19-7af75d8c4982.MOBGHT8UK9TYN6SG.SEARCH&ppt=sp&ppn=sp&ssid=ya1c6vh0jk0000001730653595163&qH=f696c2fbb0b173a0,"SAMSUNG Galaxy A23 5G (Silver, 128 GB)","₹21,999"
https://www.flipkart.com/samsung-galaxy-s23-5g-green-256-gb/p/itm6840743bfd1ef?pid=MOBGMFFXB7RGPNET&lid=LSTMOBGMFFXB7RGPNETJZGNDL&marketplace=FLIPKART&q=mobile+phones+&store=tyy%2F4io&srno=s_1_22&otracker=search&otracker1=search&fm=Search&iid=70507cb2-8e5d-4438-ae19-7af75d8c4982.MOBGMFFXB7RGPNET.SEARCH&ppt=sp&ppn=sp&ssid=ya1c6vh0jk0000001730653595163&qH=f696c2fbb0b173a0,"SAMSUNG Galaxy S23 5G (Green, 256 GB)","₹44,999"
https://www.flipkart.com/samsung-galaxy-a23-5g-silver-128-gb/p/itm929372c9db763?pid=MOBGHT8U5HGTWKTZ&lid=LSTMOBGHT8U5HGTWKTZ8ZTELX&marketplace=FLIPKART&q=mobile+phones+&store=tyy%2F4io&srno=s_1_23&otracker=search&otracker1=search&fm=Search&iid=70507cb2-8e5d-4438-ae19-7af75d8c4982.MOBGHT8U5HGTWKTZ.SEARCH&ppt=sp&ppn=sp&ssid=ya1c6vh0jk0000001730653595163&qH=f696c2fbb0b173a0,"SAMSUNG Galaxy A23 5G (Silver, 128 GB)","₹23,999"
https://www.flipkart.com/samsung-galaxy-a35-5g-awesome-navy-128-gb/p/itm12fccc5bfbaac?pid=MOBGYT2HGFKNMSZQ&lid=LSTMOBGYT2HGFKNMSZQEXUL64&marketplace=FLIPKART&q=mobile+phones+&store=tyy%2F4io&srno=s_1_24&otracker=search&otracker1=search&fm=Search&iid=70507cb2-8e5d-4438-ae19-7af75d8c4982.MOBGYT2HGFKNMSZQ.SEARCH&ppt=sp&ppn=sp&ssid=ya1c6vh0jk0000001730653595163&qH=f696c2fbb0b173a0,"SAMSUNG Galaxy A35 5G (Awesome Navy, 128 GB)","₹25,999"
https://www.flipkart.com/google-pixel-7a-snow-128-gb/p/itmb4d7b100b1a4d?pid=MOBGZCQMZXYXCZCH&lid=LSTMOBGZCQMZXYXCZCHTTFGG3&marketplace=FLIPKART&q=mobile+phones+&store=tyy%2F4io&srno=s_1_1&otracker=search&otracker1=search&fm=Search&iid=d9bff35f-7fe3-459f-a2b0-547b082202f7.MOBGZCQMZXYXCZCH.SEARCH&ppt=sp&ppn=sp&ssid=h12nagh1pc0000001730653626818&qH=f696c2fbb0b173a0,"Google Pixel 7a (Snow, 128 GB)","₹29,999"
https://www.flipkart.com/google-pixel-8-hazel-256-gb/p/itm67e2a2531aaac?pid=MOBGT5F2R7MCUSWG&lid=LSTMOBGT5F2R7MCUSWGNYZQSJ&marketplace=FLIPKART&q=mobile+phones+&store=tyy%2F4io&srno=s_1_2&otracker=search&otracker1=search&fm=Search&iid=d9bff35f-7fe3-459f-a2b0-547b082202f7.MOBGT5F2R7MCUSWG.SEARCH&ppt=sp&ppn=sp&ssid=h12nagh1pc0000001730653626818&qH=f696c2fbb0b173a0,"Google Pixel 8 (Hazel, 256 GB)","₹42,999"
https://www.flipkart.com/google-pixel-8-hazel-128-gb/p/itm67e2a2531aaac?pid=MOBGT5F2WD8HPTPZ&lid=LSTMOBGT5F2WD8HPTPZ4A9QHI&marketplace=FLIPKART&q=mobile+phones+&store=tyy%2F4io&srno=s_1_3&otracker=search&otracker1=search&fm=Search&iid=d9bff35f-7fe3-459f-a2b0-547b082202f7.MOBGT5F2WD8HPTPZ.SEARCH&ppt=sp&ppn=sp&ssid=h12nagh1pc0000001730653626818&qH=f696c2fbb0b173a0,"Google Pixel 8 (Hazel, 128 GB)","₹39,999"
https://www.flipkart.com/google-pixel-8-mint-128-gb/p/itm67e2a2531aaac?pid=MOBGW6NGMC7FNGMC&lid=LSTMOBGW6NGMC7FNGMCZEJQWC&marketplace=FLIPKART&q=mobile+phones+&store=tyy%2F4io&srno=s_1_4&otracker=search&otracker1=search&fm=Search&iid=d9bff35f-7fe3-459f-a2b0-547b082202f7.MOBGW6NGMC7FNGMC.SEARCH&ppt=sp&ppn=sp&ssid=h12nagh1pc0000001730653626818&qH=f696c2fbb0b173a0,"Google Pixel 8 (Mint, 128 GB)","₹39,999"
https://www.flipkart.com/google-pixel-8-obsidian-128-gb/p/itm67e2a2531aaac?pid=MOBGT5F2KGVNAPYY&lid=LSTMOBGT5F2KGVNAPYYWJKL43&marketplace=FLIPKART&q=mobile+phones+&store=tyy%2F4io&srno=s_1_5&otracker=search&otracker1=search&fm=Search&iid=d9bff35f-7fe3-459f-a2b0-547b082202f7.MOBGT5F2KGVNAPYY.SEARCH&ppt=sp&ppn=sp&ssid=h12nagh1pc0000001730653626818&qH=f696c2fbb0b173a0,"Google Pixel 8 (Obsidian, 128 GB)","₹39,999"
https://www.flipkart.com/google-pixel-9-obsidian-256-gb/p/itm330ed8ebeefe1?pid=MOBH2HJGP3FGTECW&lid=LSTMOBH2HJGP3FGTECWIRLKP1&marketplace=FLIPKART&q=mobile+phones+&store=tyy%2F4io&srno=s_1_6&otracker=search&otracker1=search&fm=Search&iid=d9bff35f-7fe3-459f-a2b0-547b082202f7.MOBH2HJGP3FGTECW.SEARCH&ppt=sp&ppn=sp&ssid=h12nagh1pc0000001730653626818&qH=f696c2fbb0b173a0,"Google Pixel 9 (Obsidian, 256 GB)","₹79,999"
https://www.flipkart.com/google-pixel-8-rose-128-gb/p/itm67e2a2531aaac?pid=MOBGT5F22JFCABET&lid=LSTMOBGT5F22JFCABETVKHMHM&marketplace=FLIPKART&q=mobile+phones+&store=tyy%2F4io&srno=s_1_7&otracker=search&otracker1=search&fm=Search&iid=d9bff35f-7fe3-459f-a2b0-547b082202f7.MOBGT5F22JFCABET.SEARCH&ppt=sp&ppn=sp&ssid=h12nagh1pc0000001730653626818&qH=f696c2fbb0b173a0,"Google Pixel 8 (Rose, 128 GB)","₹39,999"
https://www.flipkart.com/google-pixel-7a-charcoal-128-gb/p/itmb4d7b100b1a4d?pid=MOBGZCQMHGWDYZQ7&lid=LSTMOBGZCQMHGWDYZQ7XLJASQ&marketplace=FLIPKART&q=mobile+phones+&store=tyy%2F4io&srno=s_1_8&otracker=search&otracker1=search&fm=Search&iid=d9bff35f-7fe3-459f-a2b0-547b082202f7.MOBGZCQMHGWDYZQ7.SEARCH&ppt=sp&ppn=sp&ssid=h12nagh1pc0000001730653626818&qH=f696c2fbb0b173a0,"Google Pixel 7a (Charcoal, 128 GB)","₹29,999"
https://www.flipkart.com/google-pixel-9-porcelain-256-gb/p/itm5364256d5efe2?pid=MOBH2HJG3HNTSRYT&lid=LSTMOBH2HJG3HNTSRYTUHOV85&marketplace=FLIPKART&q=mobile+phones+&store=tyy%2F4io&srno=s_1_9&otracker=search&otracker1=search&fm=Search&iid=d9bff35f-7fe3-459f-a2b0-547b082202f7.MOBH2HJG3HNTSRYT.SEARCH&ppt=sp&ppn=sp&ssid=h12nagh1pc0000001730653626818&qH=f696c2fbb0b173a0,"Google Pixel 9 (Porcelain, 256 GB)","₹79,999"
https://www.flipkart.com/google-pixel-9-pro-porcelain-256-gb/p/itm9a1354100232c?pid=MOBH2HJGMACVFGRH&lid=LSTMOBH2HJGMACVFGRH538IOO&marketplace=FLIPKART&q=mobile+phones+&store=tyy%2F4io&srno=s_1_10&otracker=search&otracker1=search&fm=Search&iid=d9bff35f-7fe3-459f-a2b0-547b082202f7.MOBH2HJGMACVFGRH.SEARCH&ppt=sp&ppn=sp&ssid=h12nagh1pc0000001730653626818&qH=f696c2fbb0b173a0,"Google Pixel 9 Pro (Porcelain, 256 GB)","₹1,09,999"
https://www.flipkart.com/google-pixel-7a-coral-128-gb/p/itmb4d7b100b1a4d?pid=MOBGT5F26QJYZUZS&lid=LSTMOBGT5F26QJYZUZSERFRRN&marketplace=FLIPKART&q=mobile+phones+&store=tyy%2F4io&srno=s_1_11&otracker=search&otracker1=search&fm=Search&iid=d9bff35f-7fe3-459f-a2b0-547b082202f7.MOBGT5F26QJYZUZS.SEARCH&ppt=sp&ppn=sp&ssid=h12nagh1pc0000001730653626818&qH=f696c2fbb0b173a0,"Google Pixel 7a (Coral, 128 GB)","₹29,999"
https://www.flipkart.com/google-pixel-9-pro-xl-porcelain-256-gb/p/itm23d7e159c924d?pid=MOBH2HJGE33F8KHN&lid=LSTMOBH2HJGE33F8KHNQBQOW2&marketplace=FLIPKART&q=mobile+phones+&store=tyy%2F4io&srno=s_1_12&otracker=search&otracker1=search&fm=Search&iid=d9bff35f-7fe3-459f-a2b0-547b082202f7.MOBH2HJGE33F8KHN.SEARCH&ppt=sp&ppn=sp&ssid=h12nagh1pc0000001730653626818&qH=f696c2fbb0b173a0,"Google Pixel 9 Pro XL (Porcelain, 256 GB)","₹1,24,999"
https://www.flipkart.com/google-pixel-9-peony-256-gb/p/itmdfee129571238?pid=MOBH2HJGNG6PVUYH&lid=LSTMOBH2HJGNG6PVUYHXGA7EB&marketplace=FLIPKART&q=mobile+phones+&store=tyy%2F4io&srno=s_1_13&otracker=search&otracker1=search&fm=Search&iid=d9bff35f-7fe3-459f-a2b0-547b082202f7.MOBH2HJGNG6PVUYH.SEARCH&ppt=sp&ppn=sp&ssid=h12nagh1pc0000001730653626818&qH=f696c2fbb0b173a0,"Google Pixel 9 (Peony, 256 GB)","₹79,999"
https://www.flipkart.com/google-pixel-9-pro-rose-quartz-256-gb/p/itme7353de08a821?pid=MOBH2HJGZKZE8JVW&lid=LSTMOBH2HJGZKZE8JVWWR4LJW&marketplace=FLIPKART&q=mobile+phones+&store=tyy%2F4io&srno=s_1_14&otracker=search&otracker1=search&fm=Search&iid=d9bff35f-7fe3-459f-a2b0-547b082202f7.MOBH2HJGZKZE8JVW.SEARCH&ppt=sp&ppn=sp&ssid=h12nagh1pc0000001730653626818&qH=f696c2fbb0b173a0,"Google Pixel 9 Pro (Rose Quartz, 256 GB)","₹1,09,999"
https://www.flipkart.com/google-pixel-9-wintergreen-256-gb/p/itmcead5185c21a8?pid=MOBH2HJG6KBBMPRF&lid=LSTMOBH2HJG6KBBMPRFC8AYRM&marketplace=FLIPKART&q=mobile+phones+&store=tyy%2F4io&srno=s_1_15&otracker=search&otracker1=search&fm=Search&iid=d9bff35f-7fe3-459f-a2b0-547b082202f7.MOBH2HJG6KBBMPRF.SEARCH&ppt=sp&ppn=sp&ssid=h12nagh1pc0000001730653626818&qH=f696c2fbb0b173a0,"Google Pixel 9 (Wintergreen, 256 GB)","₹79,999"
https://www.flipkart.com/google-pixel-9-pro-hazel-256-gb/p/itm794fb1e1c325c?pid=MOBH2HJGYPMF9EH3&lid=LSTMOBH2HJGYPMF9EH3SIVNWD&marketplace=FLIPKART&q=mobile+phones+&store=tyy%2F4io&srno=s_1_16&otracker=search&otracker1=search&fm=Search&iid=d9bff35f-7fe3-459f-a2b0-547b082202f7.MOBH2HJGYPMF9EH3.SEARCH&ppt=sp&ppn=sp&ssid=h12nagh1pc0000001730653626818&qH=f696c2fbb0b173a0,"Google Pixel 9 Pro (Hazel, 256 GB)","₹1,09,999"
https://www.flipkart.com/google-pixel-9-pro-obsidian-256-gb/p/itm20409981866f4?pid=MOBH2HJGHBFE2GZR&lid=LSTMOBH2HJGHBFE2GZRHGV4QM&marketplace=FLIPKART&q=mobile+phones+&store=tyy%2F4io&srno=s_1_17&otracker=search&otracker1=search&fm=Search&iid=d9bff35f-7fe3-459f-a2b0-547b082202f7.MOBH2HJGHBFE2GZR.SEARCH&ppt=sp&ppn=sp&ssid=h12nagh1pc0000001730653626818&qH=f696c2fbb0b173a0,"Google Pixel 9 Pro (Obsidian, 256 GB)","₹1,09,999"
https://www.flipkart.com/google-pixel-9-pro-xl-obsidian-256-gb/p/itm5583d8ff28427?pid=MOBH2HJG8JEYKFZK&lid=LSTMOBH2HJG8JEYKFZKAPRGUS&marketplace=FLIPKART&q=mobile+phones+&store=tyy%2F4io&srno=s_1_18&otracker=search&otracker1=search&fm=Search&iid=d9bff35f-7fe3-459f-a2b0-547b082202f7.MOBH2HJG8JEYKFZK.SEARCH&ppt=sp&ppn=sp&ssid=h12nagh1pc0000001730653626818&qH=f696c2fbb0b173a0,"Google Pixel 9 Pro XL (Obsidian, 256 GB)","₹1,24,999"
https://www.flipkart.com/google-pixel-9-pro-xl-hazel-256-gb/p/itm68e9d85f9d9b2?pid=MOBH2HJGH9PKHRNF&lid=LSTMOBH2HJGH9PKHRNFUHLTE4&marketplace=FLIPKART&q=mobile+phones+&store=tyy%2F4io&srno=s_1_19&otracker=search&otracker1=search&fm=Search&iid=d9bff35f-7fe3-459f-a2b0-547b082202f7.MOBH2HJGH9PKHRNF.SEARCH&ppt=sp&ppn=sp&ssid=h12nagh1pc0000001730653626818&qH=f696c2fbb0b173a0,"Google Pixel 9 Pro XL (Hazel, 256 GB)","₹1,24,999"
https://www.flipkart.com/google-pixel-8a-aloe-128-gb/p/itm9f646ddfbe8f4?pid=MOBGYQ2MKT3SVFCS&lid=LSTMOBGYQ2MKT3SVFCSMCUIQC&marketplace=FLIPKART&q=mobile+phones+&store=tyy%2F4io&srno=s_1_20&otracker=search&otracker1=search&fm=Search&iid=d9bff35f-7fe3-459f-a2b0-547b082202f7.MOBGYQ2MKT3SVFCS.SEARCH&ppt=sp&ppn=sp&ssid=h12nagh1pc0000001730653626818&qH=f696c2fbb0b173a0,"Google Pixel 8a (Aloe, 128 GB)","₹43,999"
https://www.flipkart.com/google-pixel-8a-obsidian-128-gb/p/itm5c791e407a330?pid=MOBGYQ2MNHZWXRNY&lid=LSTMOBGYQ2MNHZWXRNYGSN6LA&marketplace=FLIPKART&q=mobile+phones+&store=tyy%2F4io&srno=s_1_21&otracker=search&otracker1=search&fm=Search&iid=d9bff35f-7fe3-459f-a2b0-547b082202f7.MOBGYQ2MNHZWXRNY.SEARCH&ppt=sp&ppn=sp&ssid=h12nagh1pc0000001730653626818&qH=f696c2fbb0b173a0,"Google Pixel 8a (Obsidian, 128 GB)","₹43,999"
https://www.flipkart.com/google-pixel-9-pro-xl-obsidian-512-gb/p/itm868968d53f326?pid=MOBH2HJGSBRCHHYG&lid=LSTMOBH2HJGSBRCHHYGJNCSVO&marketplace=FLIPKART&q=mobile+phones+&store=tyy%2F4io&srno=s_1_22&otracker=search&otracker1=search&fm=Search&iid=d9bff35f-7fe3-459f-a2b0-547b082202f7.MOBH2HJGSBRCHHYG.SEARCH&ppt=sp&ppn=sp&ssid=h12nagh1pc0000001730653626818&qH=f696c2fbb0b173a0,"Google Pixel 9 Pro XL (Obsidian, 512 GB)","₹1,39,999"
https://www.flipkart.com/google-pixel-9-pro-xl-rose-quartz-256-gb/p/itmcf4f12e523027?pid=MOBH2HJGP33UUYDH&lid=LSTMOBH2HJGP33UUYDHVVJT07&marketplace=FLIPKART&q=mobile+phones+&store=tyy%2F4io&srno=s_1_23&otracker=search&otracker1=search&fm=Search&iid=d9bff35f-7fe3-459f-a2b0-547b082202f7.MOBH2HJGP33UUYDH.SEARCH&ppt=sp&ppn=sp&ssid=h12nagh1pc0000001730653626818&qH=f696c2fbb0b173a0,"Google Pixel 9 Pro XL (Rose Quartz, 256 GB)","₹1,24,999"
https://www.flipkart.com/google-pixel-8a-porcelain-128-gb/p/itm619c078bd72f7?pid=MOBGYQ2MYWFSA3XU&lid=LSTMOBGYQ2MYWFSA3XUKOBOBJ&marketplace=FLIPKART&q=mobile+phones+&store=tyy%2F4io&srno=s_1_24&otracker=search&otracker1=search&fm=Search&iid=d9bff35f-7fe3-459f-a2b0-547b082202f7.MOBGYQ2MYWFSA3XU.SEARCH&ppt=sp&ppn=sp&ssid=h12nagh1pc0000001730653626818&qH=f696c2fbb0b173a0,"Google Pixel 8a (Porcelain, 128 GB)","₹43,999"
https://www.flipkart.com/motorola-edge-50-fusion-marshmallow-blue-128-gb/p/itmf88eea5799a27?pid=MOBGXTYZEZSZQE7W&lid=LSTMOBGXTYZEZSZQE7WIBXLBI&marketplace=FLIPKART&q=mobile+phones+&store=tyy%2F4io&spotlightTagId=BestsellerId_tyy%2F4io&srno=s_1_1&otracker=search&otracker1=search&fm=Search&iid=e43de588-0c6f-4ab7-bfab-6a23b87f2570.MOBGXTYZEZSZQE7W.SEARCH&ppt=sp&ppn=sp&ssid=najqxba0k00000001730653658476&qH=f696c2fbb0b173a0,"Motorola Edge 50 Fusion (Marshmallow Blue, 128 GB)","₹21,999"
https://www.flipkart.com/motorola-edge-50-pro-5g-125w-charger-black-beauty-256-gb/p/itmf7f6e88ef68e8?pid=MOBGXFXYMH8CGDMM&lid=LSTMOBGXFXYMH8CGDMMTODP5W&marketplace=FLIPKART&q=mobile+phones+&store=tyy%2F4io&srno=s_1_2&otracker=search&otracker1=search&fm=Search&iid=e43de588-0c6f-4ab7-bfab-6a23b87f2570.MOBGXFXYMH8CGDMM.SEARCH&ppt=sp&ppn=sp&ssid=najqxba0k00000001730653658476&qH=f696c2fbb0b173a0,"Motorola Edge 50 Pro 5G with 125W Charger (Black Beauty, 256 GB)","₹29,999"
https://www.flipkart.com/motorola-edge-50-pro-5g-125w-charger-luxe-lavender-256-gb/p/itm3281f9ac32d1a?pid=MOBGXFXY2SBHGSVN&lid=LSTMOBGXFXY2SBHGSVNUNNNTJ&marketplace=FLIPKART&q=mobile+phones+&store=tyy%2F4io&spotlightTagId=FkPickId_tyy%2F4io&srno=s_1_3&otracker=search&otracker1=search&fm=Search&iid=e43de588-0c6f-4ab7-bfab-6a23b87f2570.MOBGXFXY2SBHGSVN.SEARCH&ppt=sp&ppn=sp&ssid=najqxba0k00000001730653658476&qH=f696c2fbb0b173a0,"Motorola Edge 50 Pro 5G with 125W Charger (Luxe Lavender, 256 GB)","₹29,999"
https://www.flipkart.com/motorola-edge-50-fusion-marshmallow-blue-256-gb/p/itmdcb7e2baaaa91?pid=MOBGXTYZBAS4VM8K&lid=LSTMOBGXTYZBAS4VM8KYYUZ0I&marketplace=FLIPKART&q=mobile+phones+&store=tyy%2F4io&spotlightTagId=BestsellerId_tyy%2F4io&srno=s_1_4&otracker=search&otracker1=search&fm=Search&iid=e43de588-0c6f-4ab7-bfab-6a23b87f2570.MOBGXTYZBAS4VM8K.SEARCH&ppt=sp&ppn=sp&ssid=najqxba0k00000001730653658476&qH=f696c2fbb0b173a0,"Motorola Edge 50 Fusion (Marshmallow Blue, 256 GB)","₹23,999"
https://www.flipkart.com/motorola-edge-50-neo-pantone-grisaille-256-gb/p/itm5b85defa76389?pid=MOBHFHDRVUDB3HFX&lid=LSTMOBHFHDRVUDB3HFXLMEVTW&marketplace=FLIPKART&q=mobile+phones+&store=tyy%2F4io&srno=s_1_5&otracker=search&otracker1=search&fm=Search&iid=e43de588-0c6f-4ab7-bfab-6a23b87f2570.MOBHFHDRVUDB3HFX.SEARCH&ppt=sp&ppn=sp&ssid=najqxba0k00000001730653658476&qH=f696c2fbb0b173a0,"Motorola Edge 50 Neo (PANTONE Grisaille, 256 GB)","₹23,999"
https://www.flipkart.com/motorola-edge-50-fusion-hot-pink-256-gb/p/itm93d002e8a2eb1?pid=MOBGXTYZZBUPYFEC&lid=LSTMOBGXTYZZBUPYFECU3Q95H&marketplace=FLIPKART&q=mobile+phones+&store=tyy%2F4io&srno=s_1_6&otracker=search&otracker1=search&fm=Search&iid=e43de588-0c6f-4ab7-bfab-6a23b87f2570.MOBGXTYZZBUPYFEC.SEARCH&ppt=sp&ppn=sp&ssid=najqxba0k00000001730653658476&qH=f696c2fbb0b173a0,"Motorola Edge 50 Fusion (Hot Pink, 256 GB)","₹23,999"
https://www.flipkart.com/motorola-edge-50-pro-5g-125w-charger-caneel-bay-256-gb/p/itm1603f674e2178?pid=MOBH2YWHMKHAFHZF&lid=LSTMOBH2YWHMKHAFHZFUTQD0D&marketplace=FLIPKART&q=mobile+phones+&store=tyy%2F4io&spotlightTagId=BestsellerId_tyy%2F4io&srno=s_1_7&otracker=search&otracker1=search&fm=Search&iid=e43de588-0c6f-4ab7-bfab-6a23b87f2570.MOBH2YWHMKHAFHZF.SEARCH&ppt=sp&ppn=sp&ssid=najqxba0k00000001730653658476&qH=f696c2fbb0b173a0,"Motorola Edge 50 Pro 5G with 125W Charger (Caneel Bay, 256 GB)","₹29,999"
https://www.flipkart.com/motorola-edge-50-fusion-forest-green-128-gb/p/itm44a2f982e2d64?pid=MOBHYVFVK9NTTND2&lid=LSTMOBHYVFVK9NTTND2PP8RIV&marketplace=FLIPKART&q=mobile+phones+&store=tyy%2F4io&srno=s_1_8&otracker=search&otracker1=search&fm=Search&iid=e43de588-0c6f-4ab7-bfab-6a23b87f2570.MOBHYVFVK9NTTND2.SEARCH&ppt=sp&ppn=sp&ssid=najqxba0k00000001730653658476&qH=f696c2fbb0b173a0,"Motorola Edge 50 Fusion (Forest Green, 128 GB)","₹21,999"
https://www.flipkart.com/motorola-edge-50-fusion-hot-pink-128-gb/p/itmfee7de3c2e095?pid=MOBGXTYZCQSXJPC2&lid=LSTMOBGXTYZCQSXJPC2WFIGOL&marketplace=FLIPKART&q=mobile+phones+&store=tyy%2F4io&srno=s_1_9&otracker=search&otracker1=search&fm=Search&iid=e43de588-0c6f-4ab7-bfab-6a23b87f2570.MOBGXTYZCQSXJPC2.SEARCH&ppt=sp&ppn=sp&ssid=najqxba0k00000001730653658476&qH=f696c2fbb0b173a0,"Motorola Edge 50 Fusion (Hot Pink, 128 GB)","₹21,999"
https://www.flipkart.com/motorola-edge-50-neo-pantone-latte-256-gb/p/itm4cecc0a4796eb?pid=MOBHFHDRRCYFE7YJ&lid=LSTMOBHFHDRRCYFE7YJOXS042&marketplace=FLIPKART&q=mobile+phones+&store=tyy%2F4io&srno=s_1_10&otracker=search&otracker1=search&fm=Search&iid=e43de588-0c6f-4ab7-bfab-6a23b87f2570.MOBHFHDRRCYFE7YJ.SEARCH&ppt=sp&ppn=sp&ssid=najqxba0k00000001730653658476&qH=f696c2fbb0b173a0,"Motorola Edge 50 Neo (PANTONE Latte, 256 GB)","₹23,999"
https://www.flipkart.com/motorola-edge-50-peach-fuzz-256-gb/p/itmbb9d98d3f286b?pid=MOBH2Q5YS97TYGFJ&lid=LSTMOBH2Q5YS97TYGFJQS8C5F&marketplace=FLIPKART&q=mobile+phones+&store=tyy%2F4io&srno=s_1_11&otracker=search&otracker1=search&fm=Search&iid=e43de588-0c6f-4ab7-bfab-6a23b87f2570.MOBH2Q5YS97TYGFJ.SEARCH&ppt=sp&ppn=sp&ssid=najqxba0k00000001730653658476&qH=f696c2fbb0b173a0,"MOTOROLA Edge 50 (Peach Fuzz, 256 GB)","₹26,999"
https://www.flipkart.com/motorola-edge-50-neo-pantone-nautical-blue-256-gb/p/itm94d3bb79258e9?pid=MOBHFHDRDDW9MKVG&lid=LSTMOBHFHDRDDW9MKVGZPCGUE&marketplace=FLIPKART&q=mobile+phones+&store=tyy%2F4io&srno=s_1_12&otracker=search&otracker1=search&fm=Search&iid=e43de588-0c6f-4ab7-bfab-6a23b87f2570.MOBHFHDRDDW9MKVG.SEARCH&ppt=sp&ppn=sp&ssid=najqxba0k00000001730653658476&qH=f696c2fbb0b173a0,"Motorola Edge 50 Neo (PANTONE Nautical Blue, 256 GB)","₹23,999"
https://www.flipkart.com/motorola-edge-50-jungle-green-256-gb/p/itm740d86a7c55d1?pid=MOBH2Q5Y5EVAGS6M&lid=LSTMOBH2Q5Y5EVAGS6M3AMJYD&marketplace=FLIPKART&q=mobile+phones+&store=tyy%2F4io&srno=s_1_13&otracker=search&otracker1=search&fm=Search&iid=e43de588-0c6f-4ab7-bfab-6a23b87f2570.MOBH2Q5Y5EVAGS6M.SEARCH&ppt=sp&ppn=sp&ssid=najqxba0k00000001730653658476&qH=f696c2fbb0b173a0,"MOTOROLA Edge 50 (Jungle Green, 256 GB)","₹26,999"
https://www.flipkart.com/motorola-edge-50-fusion-forest-blue-128-gb/p/itm32aa01db0debf?pid=MOBGXTYZMJK85GFG&lid=LSTMOBGXTYZMJK85GFGHTK438&marketplace=FLIPKART&q=mobile+phones+&store=tyy%2F4io&srno=s_1_14&otracker=search&otracker1=search&fm=Search&iid=e43de588-0c6f-4ab7-bfab-6a23b87f2570.MOBGXTYZMJK85GFG.SEARCH&ppt=sp&ppn=sp&ssid=najqxba0k00000001730653658476&qH=f696c2fbb0b173a0,"Motorola Edge 50 Fusion (Forest Blue, 128 GB)","₹21,999"
https://www.flipkart.com/motorola-edge-50-fusion-forest-green-256-gb/p/itm372843264e10a?pid=MOBHYVFV3RNAGXF6&lid=LSTMOBHYVFV3RNAGXF6A8TQA2&marketplace=FLIPKART&q=mobile+phones+&store=tyy%2F4io&srno=s_1_15&otracker=search&otracker1=search&fm=Search&iid=e43de588-0c6f-4ab7-bfab-6a23b87f2570.MOBHYVFV3RNAGXF6.SEARCH&ppt=sp&ppn=sp&ssid=najqxba0k00000001730653658476&qH=f696c2fbb0b173a0,"Motorola Edge 50 Fusion (Forest Green, 256 GB)","₹23,999"
https://www.flipkart.com/motorola-edge-50-neo-pantone-poinciana-256-gb/p/itm1b6c43661a1fc?pid=MOBHFHDRZJP6FHPZ&lid=LSTMOBHFHDRZJP6FHPZ0HNLSP&marketplace=FLIPKART&q=mobile+phones+&store=tyy%2F4io&srno=s_1_16&otracker=search&otracker1=search&fm=Search&iid=e43de588-0c6f-4ab7-bfab-6a23b87f2570.MOBHFHDRZJP6FHPZ.SEARCH&ppt=sp&ppn=sp&ssid=najqxba0k00000001730653658476&qH=f696c2fbb0b173a0,"Motorola Edge 50 Neo (PANTONE Poinciana, 256 GB)","₹23,999"
https://www.flipkart.com/motorola-edge-50-koala-grey-256-gb/p/itm31f5f025267eb?pid=MOBH2Q5YDBQAZEZ5&lid=LSTMOBH2Q5YDBQAZEZ5NJN25F&marketplace=FLIPKART&q=mobile+phones+&store=tyy%2F4io&srno=s_1_17&otracker=search&otracker1=search&fm=Search&iid=e43de588-0c6f-4ab7-bfab-6a23b87f2570.MOBH2Q5YDBQAZEZ5.SEARCH&ppt=sp&ppn=sp&ssid=najqxba0k00000001730653658476&qH=f696c2fbb0b173a0,"MOTOROLA Edge 50 (Koala Grey, 256 GB)","₹26,999"
https://www.flipkart.com/motorola-edge-50-fusion-forest-blue-256-gb/p/itme13bbe694468e?pid=MOBGXTYZZEW8GZE6&lid=LSTMOBGXTYZZEW8GZE6HFCXI9&marketplace=FLIPKART&q=mobile+phones+&store=tyy%2F4io&srno=s_1_18&otracker=search&otracker1=search&fm=Search&iid=e43de588-0c6f-4ab7-bfab-6a23b87f2570.MOBGXTYZZEW8GZE6.SEARCH&ppt=sp&ppn=sp&ssid=najqxba0k00000001730653658476&qH=f696c2fbb0b173a0,"Motorola Edge 50 Fusion (Forest Blue, 256 GB)","₹23,999"
https://www.flipkart.com/motorola-edge-50-pro-5g-125w-charger-vanilla-cream-256-gb/p/itmcf93f5887df59?pid=MOBH2YWHUNBFDHPW&lid=LSTMOBH2YWHUNBFDHPWMRBJU3&marketplace=FLIPKART&q=mobile+phones+&store=tyy%2F4io&srno=s_1_19&otracker=search&otracker1=search&fm=Search&iid=e43de588-0c6f-4ab7-bfab-6a23b87f2570.MOBH2YWHUNBFDHPW.SEARCH&ppt=sp&ppn=sp&ssid=najqxba0k00000001730653658476&qH=f696c2fbb0b173a0,"Motorola Edge 50 Pro 5G with 125W Charger (Vanilla Cream, 256 GB)","₹29,999"
https://www.flipkart.com/motorola-edge-50-pro-5g-125w-charger-moonlight-pearl-256-gb/p/itm58844545548bd?pid=MOBGXFXYK3GVSARU&lid=LSTMOBGXFXYK3GVSARULH9LJF&marketplace=FLIPKART&q=mobile+phones+&store=tyy%2F4io&srno=s_1_20&otracker=search&otracker1=search&fm=Search&iid=e43de588-0c6f-4ab7-bfab-6a23b87f2570.MOBGXFXYK3GVSARU.SEARCH&ppt=sp&ppn=sp&ssid=najqxba0k00000001730653658476&qH=f696c2fbb0b173a0,"Motorola Edge 50 Pro 5G with 125W Charger (Moonlight Pearl, 256 GB)","₹29,999"
https://www.flipkart.com/motorola-edge-50-ultra-5g-nordic-wood-512-gb/p/itm2505749d54461?pid=MOBGZZACJFVMHKZG&lid=LSTMOBGZZACJFVMHKZGNIFCK7&marketplace=FLIPKART&q=mobile+phones+&store=tyy%2F4io&srno=s_1_21&otracker=search&otracker1=search&fm=Search&iid=e43de588-0c6f-4ab7-bfab-6a23b87f2570.MOBGZZACJFVMHKZG.SEARCH&ppt=sp&ppn=sp&ssid=najqxba0k00000001730653658476&qH=f696c2fbb0b173a0,"Motorola Edge 50 Ultra 5G (Nordic Wood, 512 GB)","₹53,999"
https://www.flipkart.com/motorola-edge-40-neo-soothing-sea-128-gb/p/itmcfb87467e7d9a?pid=MOBGQFX6AG2JD2XT&lid=LSTMOBGQFX6AG2JD2XTMNTYDO&marketplace=FLIPKART&q=mobile+phones+&store=tyy%2F4io&srno=s_1_22&otracker=search&otracker1=search&fm=Search&iid=e43de588-0c6f-4ab7-bfab-6a23b87f2570.MOBGQFX6AG2JD2XT.SEARCH&ppt=sp&ppn=sp&ssid=najqxba0k00000001730653658476&qH=f696c2fbb0b173a0,"Motorola Edge 40 Neo (Soothing Sea, 128 GB)","₹22,999"
https://www.flipkart.com/motorola-edge-50-ultra-5g-peach-fuzz-512-gb/p/itma2eaf0d31ce43?pid=MOBGZZACSNEDW84P&lid=LSTMOBGZZACSNEDW84PSGUXYD&marketplace=FLIPKART&q=mobile+phones+&store=tyy%2F4io&srno=s_1_23&otracker=search&otracker1=search&fm=Search&iid=e43de588-0c6f-4ab7-bfab-6a23b87f2570.MOBGZZACSNEDW84P.SEARCH&ppt=sp&ppn=sp&ssid=najqxba0k00000001730653658476&qH=f696c2fbb0b173a0,"Motorola Edge 50 Ultra 5G (Peach Fuzz, 512 GB)","₹53,999"
https://www.flipkart.com/motorola-edge-40-neo-peach-fuzz-128-gb/p/itm6fb5c2c795a3d?pid=MOBGW6JJ4ZJHVGXE&lid=LSTMOBGW6JJ4ZJHVGXEJVV8LF&marketplace=FLIPKART&q=mobile+phones+&store=tyy%2F4io&srno=s_1_24&otracker=search&otracker1=search&fm=Search&iid=e43de588-0c6f-4ab7-bfab-6a23b87f2570.MOBGW6JJ4ZJHVGXE.SEARCH&ppt=sp&ppn=sp&ssid=najqxba0k00000001730653658476&qH=f696c2fbb0b173a0,"Motorola Edge 40 Neo (Peach Fuzz, 128 GB)","₹22,999"
https://www.flipkart.com/vivo-t3-5g-cosmic-blue-256-gb/p/itm69b3c5633378f?pid=MOBGYT3VJDYMMFTZ&lid=LSTMOBGYT3VJDYMMFTZEKZWOL&marketplace=FLIPKART&q=mobile+phones+&store=tyy%2F4io&srno=s_1_1&otracker=search&otracker1=search&fm=Search&iid=3d8308af-4da6-47d1-a167-7fe1bb10a85f.MOBGYT3VJDYMMFTZ.SEARCH&ppt=sp&ppn=sp&ssid=19brvscivk0000001730653690343&qH=f696c2fbb0b173a0,"vivo T3 5G (Cosmic Blue, 256 GB)","₹20,499"
https://www.flipkart.com/vivo-t3-5g-crystal-flake-256-gb/p/itm69b3c5633378f?pid=MOBGYT3VT78XZHKS&lid=LSTMOBGYT3VT78XZHKSVC0OV2&marketplace=FLIPKART&q=mobile+phones+&store=tyy%2F4io&srno=s_1_2&otracker=search&otracker1=search&fm=Search&iid=3d8308af-4da6-47d1-a167-7fe1bb10a85f.MOBGYT3VT78XZHKS.SEARCH&ppt=sp&ppn=sp&ssid=19brvscivk0000001730653690343&qH=f696c2fbb0b173a0,"vivo T3 5G (Crystal Flake, 256 GB)","₹20,499"
https://www.flipkart.com/vivo-t3-pro-5g-sandstone-orange-256-gb/p/itmcf52c1fcffbf3?pid=MOBH3XHR46RHEMVH&lid=LSTMOBH3XHR46RHEMVHQKBFEZ&marketplace=FLIPKART&q=mobile+phones+&store=tyy%2F4io&srno=s_1_3&otracker=search&otracker1=search&fm=Search&iid=3d8308af-4da6-47d1-a167-7fe1bb10a85f.MOBH3XHR46RHEMVH.SEARCH&ppt=sp&ppn=sp&ssid=19brvscivk0000001730653690343&qH=f696c2fbb0b173a0,"vivo T3 Pro 5G (Sandstone Orange, 256 GB)","₹26,999"
https://www.flipkart.com/vivo-t3-pro-5g-emerald-green-128-gb/p/itmcf52c1fcffbf3?pid=MOBH3XHRHBUB7Y7U&lid=LSTMOBH3XHRHBUB7Y7U1LMK2U&marketplace=FLIPKART&q=mobile+phones+&store=tyy%2F4io&srno=s_1_4&otracker=search&otracker1=search&fm=Search&iid=3d8308af-4da6-47d1-a167-7fe1bb10a85f.MOBH3XHRHBUB7Y7U.SEARCH&ppt=sp&ppn=sp&ssid=19brvscivk0000001730653690343&qH=f696c2fbb0b173a0,"vivo T3 Pro 5G (Emerald Green, 128 GB)","₹24,999"
https://www.flipkart.com/vivo-t3-pro-5g-emerald-green-256-gb/p/itmcf52c1fcffbf3?pid=MOBH3XHRUQMKBEZX&lid=LSTMOBH3XHRUQMKBEZXUBLAII&marketplace=FLIPKART&q=mobile+phones+&store=tyy%2F4io&srno=s_1_5&otracker=search&otracker1=search&fm=Search&iid=3d8308af-4da6-47d1-a167-7fe1bb10a85f.MOBH3XHRUQMKBEZX.SEARCH&ppt=sp&ppn=sp&ssid=19brvscivk0000001730653690343&qH=f696c2fbb0b173a0,"vivo T3 Pro 5G (Emerald Green, 256 GB)","₹26,999"
https://www.flipkart.com/vivo-t3-pro-5g-sandstone-orange-128-gb/p/itmcf52c1fcffbf3?pid=MOBH3XHRQD5Q3VRH&lid=LSTMOBH3XHRQD5Q3VRHXVLXBF&marketplace=FLIPKART&q=mobile+phones+&store=tyy%2F4io&srno=s_1_6&otracker=search&otracker1=search&fm=Search&iid=3d8308af-4da6-47d1-a167-7fe1bb10a85f.MOBH3XHRQD5Q3VRH.SEARCH&ppt=sp&ppn=sp&ssid=19brvscivk0000001730653690343&qH=f696c2fbb0b173a0,"vivo T3 Pro 5G (Sandstone Orange, 128 GB)","₹24,999"
https://www.flipkart.com/vivo-t3-ultra-lunar-gray-256-gb/p/itme360ff5b7dbab?pid=MOBH4EADBHHPHJGZ&lid=LSTMOBH4EADBHHPHJGZACOAA5&marketplace=FLIPKART&q=mobile+phones+&store=tyy%2F4io&srno=s_1_7&otracker=search&otracker1=search&fm=Search&iid=3d8308af-4da6-47d1-a167-7fe1bb10a85f.MOBH4EADBHHPHJGZ.SEARCH&ppt=sp&ppn=sp&ssid=19brvscivk0000001730653690343&qH=f696c2fbb0b173a0,"vivo T3 Ultra (Lunar Gray, 256 GB)","₹33,999"
https://www.flipkart.com/vivo-t3-ultra-lunar-gray-256-gb/p/itme360ff5b7dbab?pid=MOBH4EADRB8SXRWF&lid=LSTMOBH4EADRB8SXRWFUEP7F9&marketplace=FLIPKART&q=mobile+phones+&store=tyy%2F4io&srno=s_1_8&otracker=search&otracker1=search&fm=Search&iid=3d8308af-4da6-47d1-a167-7fe1bb10a85f.MOBH4EADRB8SXRWF.SEARCH&ppt=sp&ppn=sp&ssid=19brvscivk0000001730653690343&qH=f696c2fbb0b173a0,"vivo T3 Ultra (Lunar Gray, 256 GB)","₹35,999"
https://www.flipkart.com/vivo-t3-ultra-frost-green-256-gb/p/itme360ff5b7dbab?pid=MOBH4EACZ7SACMMM&lid=LSTMOBH4EACZ7SACMMMMVZG93&marketplace=FLIPKART&q=mobile+phones+&store=tyy%2F4io&srno=s_1_9&otracker=search&otracker1=search&fm=Search&iid=3d8308af-4da6-47d1-a167-7fe1bb10a85f.MOBH4EACZ7SACMMM.SEARCH&ppt=sp&ppn=sp&ssid=19brvscivk0000001730653690343&qH=f696c2fbb0b173a0,"vivo T3 Ultra (Frost Green, 256 GB)","₹33,999"
https://www.flipkart.com/vivo-t3-ultra-frost-green-128-gb/p/itme360ff5b7dbab?pid=MOBH4EACPTFX6RNH&lid=LSTMOBH4EACPTFX6RNHWNMW9H&marketplace=FLIPKART&q=mobile+phones+&store=tyy%2F4io&srno=s_1_10&otracker=search&otracker1=search&fm=Search&iid=3d8308af-4da6-47d1-a167-7fe1bb10a85f.MOBH4EACPTFX6RNH.SEARCH&ppt=sp&ppn=sp&ssid=19brvscivk0000001730653690343&qH=f696c2fbb0b173a0,"vivo T3 Ultra (Frost Green, 128 GB)","₹31,999"
https://www.flipkart.com/vivo-t3-ultra-lunar-gray-128-gb/p/itme360ff5b7dbab?pid=MOBH4EADEDFW9BBK&lid=LSTMOBH4EADEDFW9BBK9ITVTG&marketplace=FLIPKART&q=mobile+phones+&store=tyy%2F4io&srno=s_1_11&otracker=search&otracker1=search&fm=Search&iid=3d8308af-4da6-47d1-a167-7fe1bb10a85f.MOBH4EADEDFW9BBK.SEARCH&ppt=sp&ppn=sp&ssid=19brvscivk0000001730653690343&qH=f696c2fbb0b173a0,"vivo T3 Ultra (Lunar Gray, 128 GB)","₹31,999"
https://www.flipkart.com/vivo-t3-ultra-frost-green-256-gb/p/itme360ff5b7dbab?pid=MOBH4EACZKRYXR4E&lid=LSTMOBH4EACZKRYXR4EZLDLEC&marketplace=FLIPKART&q=mobile+phones+&store=tyy%2F4io&srno=s_1_12&otracker=search&otracker1=search&fm=Search&iid=3d8308af-4da6-47d1-a167-7fe1bb10a85f.MOBH4EACZKRYXR4E.SEARCH&ppt=sp&ppn=sp&ssid=19brvscivk0000001730653690343&qH=f696c2fbb0b173a0,"vivo T3 Ultra (Frost Green, 256 GB)","₹35,999"
https://www.flipkart.com/vivo-v40e-5g-royal-bronze-256-gb/p/itm710974d0d3986?pid=MOBH4K7QB5XUH4Q2&lid=LSTMOBH4K7QB5XUH4Q2GVXDAN&marketplace=FLIPKART&q=mobile+phones+&store=tyy%2F4io&srno=s_1_13&otracker=search&otracker1=search&fm=Search&iid=3d8308af-4da6-47d1-a167-7fe1bb10a85f.MOBH4K7QB5XUH4Q2.SEARCH&ppt=sp&ppn=sp&ssid=19brvscivk0000001730653690343&qH=f696c2fbb0b173a0,"vivo V40e 5G (Royal Bronze, 256 GB)","₹30,999"
https://www.flipkart.com/vivo-v40e-5g-mint-green-128-gb/p/itm710974d0d3986?pid=MOBH4K7QTGYZUX6E&lid=LSTMOBH4K7QTGYZUX6EVCTYSE&marketplace=FLIPKART&q=mobile+phones+&store=tyy%2F4io&srno=s_1_14&otracker=search&otracker1=search&fm=Search&iid=3d8308af-4da6-47d1-a167-7fe1bb10a85f.MOBH4K7QTGYZUX6E.SEARCH&ppt=sp&ppn=sp&ssid=19brvscivk0000001730653690343&qH=f696c2fbb0b173a0,"vivo V40e 5G (Mint Green, 128 GB)","₹28,999"
https://www.flipkart.com/vivo-v40e-5g-royal-bronze-128-gb/p/itm710974d0d3986?pid=MOBH4K7QHCVHRHAH&lid=LSTMOBH4K7QHCVHRHAHDJJKTD&marketplace=FLIPKART&q=mobile+phones+&store=tyy%2F4io&srno=s_1_15&otracker=search&otracker1=search&fm=Search&iid=3d8308af-4da6-47d1-a167-7fe1bb10a85f.MOBH4K7QHCVHRHAH.SEARCH&ppt=sp&ppn=sp&ssid=19brvscivk0000001730653690343&qH=f696c2fbb0b173a0,"vivo V40e 5G (Royal Bronze, 128 GB)","₹28,999"
https://www.flipkart.com/vivo-v30e-velvet-red-128-gb/p/itm8c27f3c37faad?pid=MOBHY779RZHETJMH&lid=LSTMOBHY779RZHETJMHXD4NYO&marketplace=FLIPKART&q=mobile+phones+&store=tyy%2F4io&srno=s_1_16&otracker=search&otracker1=search&fm=Search&iid=3d8308af-4da6-47d1-a167-7fe1bb10a85f.MOBHY779RZHETJMH.SEARCH&ppt=sp&ppn=sp&ssid=19brvscivk0000001730653690343&qH=f696c2fbb0b173a0,"vivo V30e (Velvet Red, 128 GB)","₹25,999"
https://www.flipkart.com/vivo-v30e-silk-blue-256-gb/p/itm8c27f3c37faad?pid=MOBHY779F6AAUE4V&lid=LSTMOBHY779F6AAUE4VDV38DF&marketplace=FLIPKART&q=mobile+phones+&store=tyy%2F4io&srno=s_1_17&otracker=search&otracker1=search&fm=Search&iid=3d8308af-4da6-47d1-a167-7fe1bb10a85f.MOBHY779F6AAUE4V.SEARCH&ppt=sp&ppn=sp&ssid=19brvscivk0000001730653690343&qH=f696c2fbb0b173a0,"vivo V30e (Silk Blue, 256 GB)","₹25,999"
https://www.flipkart.com/vivo-v40-5g-ganges-blue-512-gb/p/itm444f2b97f5db4?pid=MOBH33ZXZVZKEUFH&lid=LSTMOBH33ZXZVZKEUFHIBCHKO&marketplace=FLIPKART&q=mobile+phones+&store=tyy%2F4io&srno=s_1_18&otracker=search&otracker1=search&fm=Search&iid=3d8308af-4da6-47d1-a167-7fe1bb10a85f.MOBH33ZXZVZKEUFH.SEARCH&ppt=sp&ppn=sp&ssid=19brvscivk0000001730653690343&qH=f696c2fbb0b173a0,"vivo V40 5G (Ganges Blue, 512 GB)","₹41,999"
https://www.flipkart.com/vivo-v40-5g-titanium-grey-256-gb/p/itm444f2b97f5db4?pid=MOBH33ZXRQ44REHN&lid=LSTMOBH33ZXRQ44REHNAH5X7Y&marketplace=FLIPKART&q=mobile+phones+&store=tyy%2F4io&srno=s_1_19&otracker=search&otracker1=search&fm=Search&iid=3d8308af-4da6-47d1-a167-7fe1bb10a85f.MOBH33ZXRQ44REHN.SEARCH&ppt=sp&ppn=sp&ssid=19brvscivk0000001730653690343&qH=f696c2fbb0b173a0,"vivo V40 5G (Titanium Grey, 256 GB)","₹36,999"
https://www.flipkart.com/vivo-v30e-velvet-red-256-gb/p/itm8c27f3c37faad?pid=MOBHY779ZXDEH7HG&lid=LSTMOBHY779ZXDEH7HGXDQ1NL&marketplace=FLIPKART&q=mobile+phones+&store=tyy%2F4io&srno=s_1_20&otracker=search&otracker1=search&fm=Search&iid=3d8308af-4da6-47d1-a167-7fe1bb10a85f.MOBHY779ZXDEH7HG.SEARCH&ppt=sp&ppn=sp&ssid=19brvscivk0000001730653690343&qH=f696c2fbb0b173a0,"vivo V30e (Velvet Red, 256 GB)","₹27,999"
https://www.flipkart.com/vivo-v40-5g-titanium-grey-128-gb/p/itm444f2b97f5db4?pid=MOBH33ZXYDHFCXKG&lid=LSTMOBH33ZXYDHFCXKGCH3WNV&marketplace=FLIPKART&q=mobile+phones+&store=tyy%2F4io&srno=s_1_21&otracker=search&otracker1=search&fm=Search&iid=3d8308af-4da6-47d1-a167-7fe1bb10a85f.MOBH33ZXYDHFCXKG.SEARCH&ppt=sp&ppn=sp&ssid=19brvscivk0000001730653690343&qH=f696c2fbb0b173a0,"vivo V40 5G (Titanium Grey, 128 GB)","₹34,999"
https://www.flipkart.com/vivo-v40-5g-lotus-purple-256-gb/p/itm444f2b97f5db4?pid=MOBH33ZXKG7VWUPG&lid=LSTMOBH33ZXKG7VWUPGAFOYWO&marketplace=FLIPKART&q=mobile+phones+&store=tyy%2F4io&srno=s_1_22&otracker=search&otracker1=search&fm=Search&iid=3d8308af-4da6-47d1-a167-7fe1bb10a85f.MOBH33ZXKG7VWUPG.SEARCH&ppt=sp&ppn=sp&ssid=19brvscivk0000001730653690343&qH=f696c2fbb0b173a0,"vivo V40 5G (Lotus Purple, 256 GB)","₹36,999"
https://www.flipkart.com/vivo-v40-5g-ganges-blue-128-gb/p/itm444f2b97f5db4?pid=MOBH33ZXJPGWHYNH&lid=LSTMOBH33ZXJPGWHYNHOIDPXQ&marketplace=FLIPKART&q=mobile+phones+&store=tyy%2F4io&srno=s_1_23&otracker=search&otracker1=search&fm=Search&iid=3d8308af-4da6-47d1-a167-7fe1bb10a85f.MOBH33ZXJPGWHYNH.SEARCH&ppt=sp&ppn=sp&ssid=19brvscivk0000001730653690343&qH=f696c2fbb0b173a0,"vivo V40 5G (Ganges Blue, 128 GB)","₹34,999"
https://www.flipkart.com/vivo-v40-5g-lotus-purple-128-gb/p/itm444f2b97f5db4?pid=MOBH33ZXNTFBZGQB&lid=LSTMOBH33ZXNTFBZGQB7C8BVT&marketplace=FLIPKART&q=mobile+phones+&store=tyy%2F4io&srno=s_1_24&otracker=search&otracker1=search&fm=Search&iid=3d8308af-4da6-47d1-a167-7fe1bb10a85f.MOBH33ZXNTFBZGQB.SEARCH&ppt=sp&ppn=sp&ssid=19brvscivk0000001730653690343&qH=f696c2fbb0b173a0,"vivo V40 5G (Lotus Purple, 128 GB)","₹34,999"
https://www.flipkart.com/oppo-reno-12-pro-5g-manish-malhotra-limited-edition-256-gb/p/itmed01efe011f83?pid=MOBH4GGZGTN6G6PG&lid=LSTMOBH4GGZGTN6G6PGV3NA6H&marketplace=FLIPKART&q=mobile+phones+&store=tyy%2F4io&srno=s_1_1&otracker=search&otracker1=search&fm=Search&iid=c1e112ca-2484-45d1-8bc2-dba14e7b505e.MOBH4GGZGTN6G6PG.SEARCH&ppt=sp&ppn=sp&ssid=yj54oavuy80000001730653722329&qH=f696c2fbb0b173a0,"OPPO Reno 12 Pro 5G (Manish Malhotra Limited Edition, 256 GB)","₹36,999"
https://www.flipkart.com/oppo-reno-12-pro-5g-space-brown-512-gb/p/itmed01efe011f83?pid=MOBH2AHZH779MGYF&lid=LSTMOBH2AHZH779MGYFUC61IG&marketplace=FLIPKART&q=mobile+phones+&store=tyy%2F4io&srno=s_1_2&otracker=search&otracker1=search&fm=Search&iid=c1e112ca-2484-45d1-8bc2-dba14e7b505e.MOBH2AHZH779MGYF.SEARCH&ppt=sp&ppn=sp&ssid=yj54oavuy80000001730653722329&qH=f696c2fbb0b173a0,"OPPO Reno 12 Pro 5G (Space Brown, 512 GB)","₹40,999"
https://www.flipkart.com/oppo-f27-pro-dusk-pink-128-gb/p/itm5235c3c836cc9?pid=MOBHF3DJ3JGU7T7P&lid=LSTMOBHF3DJ3JGU7T7PHYX4RI&marketplace=FLIPKART&q=mobile+phones+&store=tyy%2F4io&srno=s_1_3&otracker=search&otracker1=search&fm=Search&iid=c1e112ca-2484-45d1-8bc2-dba14e7b505e.MOBHF3DJ3JGU7T7P.SEARCH&ppt=sp&ppn=sp&ssid=yj54oavuy80000001730653722329&qH=f696c2fbb0b173a0,"OPPO F27 Pro+ (Dusk Pink, 128 GB)","₹27,999"
https://www.flipkart.com/oppo-reno-12-pro-5g-sunset-gold-512-gb/p/itmed01efe011f83?pid=MOBH2AHZ3WDMWSBG&lid=LSTMOBH2AHZ3WDMWSBG1NFQWC&marketplace=FLIPKART&q=mobile+phones+&store=tyy%2F4io&srno=s_1_4&otracker=search&otracker1=search&fm=Search&iid=c1e112ca-2484-45d1-8bc2-dba14e7b505e.MOBH2AHZ3WDMWSBG.SEARCH&ppt=sp&ppn=sp&ssid=yj54oavuy80000001730653722329&qH=f696c2fbb0b173a0,"OPPO Reno 12 Pro 5G (Sunset Gold, 512 GB)","₹40,999"
https://www.flipkart.com/oppo-reno-12-pro-5g-space-brown-256-gb/p/itmed01efe011f83?pid=MOBH2AHZUEWJYZTZ&lid=LSTMOBH2AHZUEWJYZTZ0OMMYH&marketplace=FLIPKART&q=mobile+phones+&store=tyy%2F4io&srno=s_1_5&otracker=search&otracker1=search&fm=Search&iid=c1e112ca-2484-45d1-8bc2-dba14e7b505e.MOBH2AHZUEWJYZTZ.SEARCH&ppt=sp&ppn=sp&ssid=yj54oavuy80000001730653722329&qH=f696c2fbb0b173a0,"OPPO Reno 12 Pro 5G (Space Brown, 256 GB)","₹36,999"
https://www.flipkart.com/oppo-reno-12-pro-5g-sunset-gold-256-gb/p/itmed01efe011f83?pid=MOBH2AHZWGRHRJYD&lid=LSTMOBH2AHZWGRHRJYD3XCU2V&marketplace=FLIPKART&q=mobile+phones+&store=tyy%2F4io&srno=s_1_6&otracker=search&otracker1=search&fm=Search&iid=c1e112ca-2484-45d1-8bc2-dba14e7b505e.MOBH2AHZWGRHRJYD.SEARCH&ppt=sp&ppn=sp&ssid=yj54oavuy80000001730653722329&qH=f696c2fbb0b173a0,"OPPO Reno 12 Pro 5G (Sunset Gold, 256 GB)","₹36,999"
https://www.flipkart.com/oppo-f25-pro-5g-ocean-blue-256-gb/p/itm9451b9c477991?pid=MOBGXX3V666RMFVU&lid=LSTMOBGXX3V666RMFVUEEDWBP&marketplace=FLIPKART&q=mobile+phones+&store=tyy%2F4io&srno=s_1_7&otracker=search&otracker1=search&fm=Search&iid=c1e112ca-2484-45d1-8bc2-dba14e7b505e.MOBGXX3V666RMFVU.SEARCH&ppt=sp&ppn=sp&ssid=yj54oavuy80000001730653722329&qH=f696c2fbb0b173a0,"OPPO F25 Pro 5G (Ocean Blue, 256 GB)","₹25,999"
https://www.flipkart.com/oppo-f27-5g-amber-orange-256-gb/p/itm28a1475349dae?pid=MOBH3HVTFQZMASHQ&lid=LSTMOBH3HVTFQZMASHQMI0XMD&marketplace=FLIPKART&q=mobile+phones+&store=tyy%2F4io&srno=s_1_8&otracker=search&otracker1=search&fm=Search&iid=c1e112ca-2484-45d1-8bc2-dba14e7b505e.MOBH3HVTFQZMASHQ.SEARCH&ppt=sp&ppn=sp&ssid=yj54oavuy80000001730653722329&qH=f696c2fbb0b173a0,"OPPO F27 5G (Amber Orange, 256 GB)","₹28,999"
https://www.flipkart.com/oppo-f27-pro-dusk-pink-256-gb/p/itm5235c3c836cc9?pid=MOBHF3DJ8CREZW7M&lid=LSTMOBHF3DJ8CREZW7MGWIS9Y&marketplace=FLIPKART&q=mobile+phones+&store=tyy%2F4io&srno=s_1_9&otracker=search&otracker1=search&fm=Search&iid=c1e112ca-2484-45d1-8bc2-dba14e7b505e.MOBHF3DJ8CREZW7M.SEARCH&ppt=sp&ppn=sp&ssid=yj54oavuy80000001730653722329&qH=f696c2fbb0b173a0,"OPPO F27 Pro+ (Dusk Pink, 256 GB)","₹29,999"
https://www.flipkart.com/oppo-f27-pro-midnight-navy-256-gb/p/itm5235c3c836cc9?pid=MOBHF3DJJHWN5VPP&lid=LSTMOBHF3DJJHWN5VPPVIIOWO&marketplace=FLIPKART&q=mobile+phones+&store=tyy%2F4io&srno=s_1_10&otracker=search&otracker1=search&fm=Search&iid=c1e112ca-2484-45d1-8bc2-dba14e7b505e.MOBHF3DJJHWN5VPP.SEARCH&ppt=sp&ppn=sp&ssid=yj54oavuy80000001730653722329&qH=f696c2fbb0b173a0,"OPPO F27 Pro+ (Midnight Navy, 256 GB)","₹29,999"
https://www.flipkart.com/oppo-f27-pro-midnight-navy-128-gb/p/itm5235c3c836cc9?pid=MOBHF3DJM6Y8N4BA&lid=LSTMOBHF3DJM6Y8N4BADOQW8U&marketplace=FLIPKART&q=mobile+phones+&store=tyy%2F4io&srno=s_1_11&otracker=search&otracker1=search&fm=Search&iid=c1e112ca-2484-45d1-8bc2-dba14e7b505e.MOBHF3DJM6Y8N4BA.SEARCH&ppt=sp&ppn=sp&ssid=yj54oavuy80000001730653722329&qH=f696c2fbb0b173a0,"OPPO F27 Pro+ (Midnight Navy, 128 GB)","₹27,999"
https://www.flipkart.com/oppo-reno11-pro-5g-pearl-white-256-gb/p/itm41ee989232c22?pid=MOBGWU4CKMHF7HXK&lid=LSTMOBGWU4CKMHF7HXKR72WTX&marketplace=FLIPKART&q=mobile+phones+&store=tyy%2F4io&srno=s_1_12&otracker=search&otracker1=search&fm=Search&iid=c1e112ca-2484-45d1-8bc2-dba14e7b505e.MOBGWU4CKMHF7HXK.SEARCH&ppt=sp&ppn=sp&ssid=yj54oavuy80000001730653722329&qH=f696c2fbb0b173a0,"OPPO Reno11 Pro 5G (Pearl White, 256 GB)","₹29,999"
https://www.flipkart.com/oppo-reno-12-5g-astro-silver-256-gb/p/itmaa6baddef2662?pid=MOBH2AHZVW2YGJFZ&lid=LSTMOBH2AHZVW2YGJFZJKK2GJ&marketplace=FLIPKART&q=mobile+phones+&store=tyy%2F4io&srno=s_1_13&otracker=search&otracker1=search&fm=Search&iid=c1e112ca-2484-45d1-8bc2-dba14e7b505e.MOBH2AHZVW2YGJFZ.SEARCH&ppt=sp&ppn=sp&ssid=yj54oavuy80000001730653722329&qH=f696c2fbb0b173a0,"OPPO Reno 12 5G (Astro Silver, 256 GB)","₹32,999"
https://www.flipkart.com/oppo-reno-12-5g-sunset-peach-256-gb/p/itmaa6baddef2662?pid=MOBH2AHZSYDG7VF8&lid=LSTMOBH2AHZSYDG7VF8E0U8XC&marketplace=FLIPKART&q=mobile+phones+&store=tyy%2F4io&srno=s_1_14&otracker=search&otracker1=search&fm=Search&iid=c1e112ca-2484-45d1-8bc2-dba14e7b505e.MOBH2AHZSYDG7VF8.SEARCH&ppt=sp&ppn=sp&ssid=yj54oavuy80000001730653722329&qH=f696c2fbb0b173a0,"OPPO Reno 12 5G (Sunset Peach, 256 GB)","₹32,999"
https://www.flipkart.com/oppo-reno-12-5g-matte-brown-256-gb/p/itmaa6baddef2662?pid=MOBH2AHZGJBSPDGA&lid=LSTMOBH2AHZGJBSPDGAQW2GCX&marketplace=FLIPKART&q=mobile+phones+&store=tyy%2F4io&srno=s_1_15&otracker=search&otracker1=search&fm=Search&iid=c1e112ca-2484-45d1-8bc2-dba14e7b505e.MOBH2AHZGJBSPDGA.SEARCH&ppt=sp&ppn=sp&ssid=yj54oavuy80000001730653722329&qH=f696c2fbb0b173a0,"OPPO Reno 12 5G (Matte Brown, 256 GB)","₹32,999"
https://www.flipkart.com/oppo-reno10-pro-5g-glossy-purple-256-gb/p/itm7fc37fb654ef8?pid=MOBGQP3UPHY6G5HH&lid=LSTMOBGQP3UPHY6G5HHWKBUNL&marketplace=FLIPKART&q=mobile+phones+&store=tyy%2F4io&srno=s_1_16&otracker=search&otracker1=search&fm=Search&iid=c1e112ca-2484-45d1-8bc2-dba14e7b505e.MOBGQP3UPHY6G5HH.SEARCH&ppt=sp&ppn=sp&ssid=yj54oavuy80000001730653722329&qH=f696c2fbb0b173a0,"OPPO Reno10 Pro 5G (Glossy Purple, 256 GB)","₹37,999"
https://www.flipkart.com/oppo-f27-5g-emerald-green-128-gb/p/itm28a1475349dae?pid=MOBH3HVTZQVGYHG3&lid=LSTMOBH3HVTZQVGYHG3O8L5KV&marketplace=FLIPKART&q=mobile+phones+&store=tyy%2F4io&srno=s_1_17&otracker=search&otracker1=search&fm=Search&iid=c1e112ca-2484-45d1-8bc2-dba14e7b505e.MOBH3HVTZQVGYHG3.SEARCH&ppt=sp&ppn=sp&ssid=yj54oavuy80000001730653722329&qH=f696c2fbb0b173a0,"OPPO F27 5G (Emerald Green, 128 GB)","₹26,999"
https://www.flipkart.com/oppo-reno10-pro-5g-silvery-grey-256-gb/p/itm7fc37fb654ef8?pid=MOBGQP3UUZE5CEYZ&lid=LSTMOBGQP3UUZE5CEYZVABO05&marketplace=FLIPKART&q=mobile+phones+&store=tyy%2F4io&srno=s_1_18&otracker=search&otracker1=search&fm=Search&iid=c1e112ca-2484-45d1-8bc2-dba14e7b505e.MOBGQP3UUZE5CEYZ.SEARCH&ppt=sp&ppn=sp&ssid=yj54oavuy80000001730653722329&qH=f696c2fbb0b173a0,"OPPO Reno10 Pro 5G (Silvery Grey, 256 GB)","₹37,999"
https://www.flipkart.com/oppo-f27-5g-amber-orange-128-gb/p/itm28a1475349dae?pid=MOBH3HVTZET6K3UJ&lid=LSTMOBH3HVTZET6K3UJZLLYJO&marketplace=FLIPKART&q=mobile+phones+&store=tyy%2F4io&srno=s_1_19&otracker=search&otracker1=search&fm=Search&iid=c1e112ca-2484-45d1-8bc2-dba14e7b505e.MOBH3HVTZET6K3UJ.SEARCH&ppt=sp&ppn=sp&ssid=yj54oavuy80000001730653722329&qH=f696c2fbb0b173a0,"OPPO F27 5G (Amber Orange, 128 GB)","₹26,999"
https://www.flipkart.com/oppo-f21s-pro-dawnlight-gold-128-gb/p/itm5bc4db766548e?pid=MOBGRS34HQHZNA5T&lid=LSTMOBGRS34HQHZNA5TQX2YEC&marketplace=FLIPKART&q=mobile+phones+&store=tyy%2F4io&srno=s_1_20&otracker=search&otracker1=search&fm=Search&iid=c1e112ca-2484-45d1-8bc2-dba14e7b505e.MOBGRS34HQHZNA5T.SEARCH&ppt=sp&ppn=sp&ssid=yj54oavuy80000001730653722329&qH=f696c2fbb0b173a0,"OPPO F21s Pro (Dawnlight Gold, 128 GB)","₹27,999"
https://www.flipkart.com/oppo-f21-pro-sunset-orange-128-gb/p/itm2e204aa2f6ac7?pid=MOBGDECUFTXAAGYU&lid=LSTMOBGDECUFTXAAGYUCI3IWK&marketplace=FLIPKART&q=mobile+phones+&store=tyy%2F4io&srno=s_1_21&otracker=search&otracker1=search&fm=Search&iid=c1e112ca-2484-45d1-8bc2-dba14e7b505e.MOBGDECUFTXAAGYU.SEARCH&ppt=sp&ppn=sp&ssid=yj54oavuy80000001730653722329&qH=f696c2fbb0b173a0,"OPPO F21 Pro (Sunset Orange, 128 GB)","₹27,999"
https://www.flipkart.com/oppo-reno8t-5g-sunrise-gold-128-gb/p/itm9ec7deac6401c?pid=MOBGHZ9HZ4AEQGFH&lid=LSTMOBGHZ9HZ4AEQGFHRXGINU&marketplace=FLIPKART&q=mobile+phones+&store=tyy%2F4io&srno=s_1_22&otracker=search&otracker1=search&fm=Search&iid=c1e112ca-2484-45d1-8bc2-dba14e7b505e.MOBGHZ9HZ4AEQGFH.SEARCH&ppt=sp&ppn=sp&ssid=yj54oavuy80000001730653722329&qH=f696c2fbb0b173a0,"OPPO Reno8T 5G (Sunrise Gold, 128 GB)","₹38,999"
https://www.flipkart.com/oppo-f21s-pro-5g-starlight-black-128-gb/p/itm88da29ea5c190?pid=MOBGG59UNKEMNBZ8&lid=LSTMOBGG59UNKEMNBZ8CEB0W2&marketplace=FLIPKART&q=mobile+phones+&store=tyy%2F4io&srno=s_1_23&otracker=search&otracker1=search&fm=Search&iid=c1e112ca-2484-45d1-8bc2-dba14e7b505e.MOBGG59UNKEMNBZ8.SEARCH&ppt=sp&ppn=sp&ssid=yj54oavuy80000001730653722329&qH=f696c2fbb0b173a0,"OPPO F21s Pro 5G (Starlight Black, 128 GB)","₹31,999"
https://www.flipkart.com/oppo-reno8t-5g-midnight-black-128-gb/p/itm9ec7deac6401c?pid=MOBGHZ9HN27URAZH&lid=LSTMOBGHZ9HN27URAZHSHPISS&marketplace=FLIPKART&q=mobile+phones+&store=tyy%2F4io&srno=s_1_24&otracker=search&otracker1=search&fm=Search&iid=c1e112ca-2484-45d1-8bc2-dba14e7b505e.MOBGHZ9HN27URAZH.SEARCH&ppt=sp&ppn=sp&ssid=yj54oavuy80000001730653722329&qH=f696c2fbb0b173a0,"OPPO Reno8T 5G (Midnight Black, 128 GB)","₹38,999"
